Workbook

Sheet eDNA
A1: Date | B1: X | C1: Y | D1: Scientific name | E1: Reads | F1: Primer
A2: 20200716 | B2: 126.9724 | C2: 37.348162 | D2: Bos taurus | E2: 24 | F2: MiFish
A3: 20200716 | B3: 126.9724 | C3: 37.348162 | D3: Sebastes babcocki | E3: 73 | F3: MiFish
A4: 20200716 | B4: 126.9724 | C4: 37.348162 | D4: Misgurnus mizolepis | E4: 156 | F4: MiFish
A5: 20200716 | B5: 126.9724 | C5: 37.348162 | D5: Lophius litulon | E5: 70 | F5: MiFish
A6: 20200716 | B6: 126.9724 | C6: 37.348162 | D6: Pseudorasbora parva | E6: 77 | F6: MiFish
A7: 20200716 | B7: 126.9724 | C7: 37.348162 | D7: Theragra chalcogramma | E7: 80 | F7: MiFish
A8: 20200716 | B8: 126.9724 | C8: 37.348162 | D8: Pseudogobio esocinus | E8: 200 | F8: MiFish
A9: 20200716 | B9: 126.9724 | C9: 37.348162 | D9: Sus scrofa | E9: 234 | F9: MiFish
A10: 20200716 | B10: 126.9724 | C10: 37.348162 | D10: Homo sapiens | E10: 280 | F10: MiFish
A11: 20200716 | B11: 126.9724 | C11: 37.348162 | D11: Carassius gibelio | E11: 1009 | F11: MiFish
A12: 20200716 | B12: 126.9724 | C12: 37.348162 | D12: Silurus soldatovi | E12: 1623 | F12: MiFish
A13: 20200716 | B13: 126.9724 | C13: 37.348162 | D13: Sebastes zacentrus | E13: 4703 | F13: MiFish
... A1725: 20201024 | B1725: 126.74714 | C1725: 37.593307 | D1725: Columba livia | E1725: 100 | F1725: Dummy

Sheet env Parameter
A1: Date | B1: X | C1: Y | D1: Marker | E1: DO(mg/L) | F1: SPC(uS/cm) | G1: pH | H1: Object | I1: manager
A2: 20200716 | B2: 126.9724 | C2: 37.348162 | D2: 안양천-1 | E2: 2.14 | F2: 478 | G2: 7.6 | H2: 생물상 조사 | I2: YR
A3: 20200716 | B3: 126.9562 | C3: 37.363509 | D3: 안양천-2 | E3: 3.1 | F3: 450 | G3: 8 | H3: 생물상 조사 | I3: YR
A4: 20200716 | B4: 126.94556 | C4: 37.373178 | D4: 안양천-3 | E4: 2.14 | F4: 478 | G4: 7.6 | H4: 생물상 조사 | I4: YR
A5: 20200716 | B5: 126.93148 | C5: 37.397388 | D5: 안양천-4 | E5: 2.14 | F5: 478 | G5: 7.6 | H5: 생물상 조사 | I5: YR
A6: 20200716 | B6: 126.91482 | C6: 37.409804 | D6: 안양천-5 | E6: 3 | F6: 511 | G6: 6.8 | H6: 생물상 조사 | I6: YR
A7: 20200716 | B7: 126.89601 | C7: 37.403669 | D7: 안양천-6 | E7: 2.14 | F7: 478 | G7: 7.6 | H7: 생물상 조사 | I7: YR
A8: 20200716 | B8: 126.89556 | C8: 37.418412 | D8: 안양천-7 | E8: 2.14 | F8: 478 | G8: 7.6 | H8: 생물상 조사 | I8: YR
A9: 20200716 | B9: 126.90079 | C9: 37.438688 | D9: 안양천-8 | E9: 2.14 | F9: 478 | G9: 7.6 | H9: 생물상 조사 | I9: YR
A10: 20200717 | B10: 126.90079 | C10: 37.438688 | D10: 안양천-8 | E10: 2.14 | F10: 478 | G10: 7.6 | H10: 생물상 조사 | I10: YR
A11: 20200717 | B11: 126.89104 | C11: 37.458164 | D11: 안양천-9 | E11: 2.14 | F11: 478 | G11: 7.6 | H11: 생물상 조사 | I11: YR
A12: 20200717 | B12: 126.87724 | C12: 37.474826 | D12: 안양천-10 | E12: 2.14 | F12: 478 | G12: 7.6 | H12: 생물상 조사 | I12: YR
A13: 20200717 | B13: 126.87714 | C13: 37.553307 | D13: 안양천-11 | E13: 2.14 | F13: 478 | G13: 7.6 | H13: 생물상 조사 | I13: YR | L13: 25
A14: 20200717 | B14: 126.8706 | C14: 37.492184 | D14: 안양천-12 | E14: 2.14 | F14: 478 | G14: 7.6 | H14: 생물상 조사 | I14: YR
A15: 20200717 | B15: 126.87359 | C15: 37.508468 | D15: 안양천-13 | E15: 2.14 | F15: 478 | G15: 7.6 | H15: 생물상 조사 | I15: YR
A16: 20200717 | B16: 126.84467 | C16: 37.420619 | D16: 목감천-3 | E16: 2.14 | F16: 478 | G16: 7.6 | H16: 생물상 조사 | I16: YR
A17: 20200717 | B17: 126.87978 | C17: 37.523914 | D17: 안양천-15 | E17: 2.14 | F17: 478 | G17: 7.6 | H17: 생물상 조사 | I17: YR
A18: 20200717 | B18: 126.88714 | C18: 37.539645 | D18: 안양천-16 | E18: 2.14 | F18: 478 | G18: 7.6 | H18: 생물상 조사 | I18: YR
A19: 20200717 | B19: 126.83793 | C19: 37.441798 | D19: 목감천-2 | E19: 2.14 | F19: 478 | G19: 7.6 | H19: 생물상 조사 | I19: YR
A20: 20200717 | B20: 126.9724 | C20: 37.348162 | D20: 안양천-1 | E20: 2.14 | F20: 478 | G20: 7.6 | H20: 생물상 조사 | I20: YR
A21: 20200717 | B21: 126.85186 | C21: 37.406579 | D21: 목감천-4 | E21: 2.14 | F21: 478 | G21: 7.6 | H21: 생물상 조사 | I21: YR
A22: 20200717 | B22: 126.99657 | C22: 37.389119 | D22: 안양천-19 | E22: 2.14 | F22: 478 | G22: 7.6 | H22: 생물상 조사 | I22: YR
A23: 20200717 | B23: 126.84996 | C23: 37.481607 | D23: 목감천-5 | E23: 2.14 | F23: 478 | G23: 7.6 | H23: 생물상 조사 | I23: YR
A24: 20200717 | B24: 126.84284 | C24: 37.467778 | D24: 목감천-1 | E24: 2.14 | F24: 478 | G24: 7.6 | H24: 생물상 조사 | I24: YR
A25: 20200718 | B25: 126.84284 | C25: 37.467778 | D25: 목감천-1 | E25: 2.14 | F25: 478 | G25: 7.6 | H25: 생물상 조사 | I25: YR
... A86: 20201024 | B86: 126.74714 | C86: 37.593307 | D86: test-bird | E86: 2.14 | F86: 478 | G86: 7.6 | H86: Dummy | I86: YR

Sheet Common name (master file)
A1: common_name | B1: scientific_name | C1: taxa | E1: =XLOOKUP(D2,'Common name (master file)'!$B:$B,'Common name (master file)'!$A:$A,"-------------")
A2: 몽골붕어 | B2: Chanodichthys mongolicus | C2: 어류 | E2: =IFERROR(XLOOKUP(1,(G:G=B2)*(H:H=C2),I:I,""),"")
A3: 검정꼬리숭어 | B3: Chelon melinopterus | C3: 어류
A4: 다브리날카로운입치 | B4: Culter dabryi | C4: 어류
A5: 큰눈잉어 | B5: Cyprinus megalophthalmus | C5: 어류
A6: 전어 | B6: Konosirus punctatus | C6: 어류
A7: 폴리테니아 줄몰개 | B7: Gnathopogon polytaenia | C7: 어류
A8: 흑기흑조기 | B8: Hapalogenys nigripinnis | C8: 어류
A9: 누치 | B9: Hemibarbus umbrifer | C9: 어류
A10: 낫잿방어 | B10: Seriola quinqueradiata | C10: 어류
A11: 대황조기 | B11: Larimichthy crocea | C11: 어류
A12: 참종개 | B12: Lefua pleskei | C12: 어류
A13: 지중해전갱이 | B13: Trachurus mediterraneus | C13: 어류
A14: 쌍무늬미꾸리 | B14: Misgurnus bipartitus | C14: 어류
... A131: 참조기 | B131: Larimichthys polyactis | C131: 어류

Sheet 전체 정리
A1: Date | B1: Object | C1: DO(mg/L) | D1: SPC(uS/cm) | E1: pH | F1: primer | G1: scientific_name | H1: common_name | I1: read | J1: Taxa | K1: X | L1: Y | M1: Marker | N1: Manager | P1: =XLOOKUP(D2,'Common name (master file)'!$B:$B,'Common name (master file)'!$A:$A,"-------------")
A2: =eDNA!A2 -> 20200716 | B2: {=IFERROR(_xlfn.XLOOKUP(1,('env Parameter'!$A:$A=$A2)*('env Parameter'!$B:$B=$K2)*('env Parameter'!$C:$C=$L2),'env Parameter'!H:H,""),"")} -> 생물상 조사 | C2: {=IFERROR(_xlfn.XLOOKUP(1,('env Parameter'!$A:$A=$A2)*('env Parameter'!$B:$B=$K2)*('env Parameter'!$C:$C=$L2),'env Parameter'!E:E,""),"")} -> 2.14 | D2: {=IFERROR(_xlfn.XLOOKUP(1,('env Parameter'!$A:$A=$A2)*('env Parameter'!$B:$B=$K2)*('env Parameter'!$C:$C=$L2),'env Parameter'!F:F,""),"")} -> 478 | E2: {=IFERROR(_xlfn.XLOOKUP(1,('env Parameter'!$A:$A=$A2)*('env Parameter'!$B:$B=$K2)*('env Parameter'!$C:$C=$L2),'env Parameter'!G:G,""),"")} -> 7.6 | F2: =eDNA!F2 -> MiFish | G2: =eDNA!D2 -> Bos taurus | H2: =_xlfn.XLOOKUP(G2,'Common name (master file)'!$B:$B,'Common name (master file)'!$A:$A,"-------------") -> 소 | I2: =eDNA!E2 -> 24 | J2: =_xlfn.XLOOKUP(G2,'Common name (master file)'!$B:$B,'Common name (master file)'!$C:$C,"") -> 포유류 | K2: =eDNA!B2 -> 126.9724 | L2: =eDNA!C2 -> 37.348162 | M2: {=IFERROR(_xlfn.XLOOKUP(1,('env Parameter'!$A:$A=$A2)*('env Parameter'!$B:$B=$K2)*('env Parameter'!$C:$C=$L2),'env Parameter'!D:D,""),"")} -> 안양천-1 | N2: {=IFERROR(_xlfn.XLOOKUP(1,('env Parameter'!$A:$A=$A2)*('env Parameter'!$B:$B=$K2)*('env Parameter'!$C:$C=$L2),'env Parameter'!I:I,""),"")} -> YR | P2: =IFERROR(XLOOKUP(1,(G:G=B2)*(H:H=C2),I:I,""),"")
A3: =eDNA!A3 -> 20200716 | B3: {=IFERROR(_xlfn.XLOOKUP(1,('env Parameter'!$A:$A=$A3)*('env Parameter'!$B:$B=$K3)*('env Parameter'!$C:$C=$L3),'env Parameter'!H:H,""),"")} -> 생물상 조사 | C3: {=IFERROR(_xlfn.XLOOKUP(1,('env Parameter'!$A:$A=$A3)*('env Parameter'!$B:$B=$K3)*('env Parameter'!$C:$C=$L3),'env Parameter'!E:E,""),"")} -> 2.14 | D3: {=IFERROR(_xlfn.XLOOKUP(1,('env Parameter'!$A:$A=$A3)*('env Parameter'!$B:$B=$K3)*('env Parameter'!$C:$C=$L3),'env Parameter'!F:F,""),"")} -> 478 | E3: {=IFERROR(_xlfn.XLOOKUP(1,('env Parameter'!$A:$A=$A3)*('env Parameter'!$B:$B=$K3)*('env Parameter'!$C:$C=$L3),'env Parameter'!G:G,""),"")} -> 7.6 | F3: =eDNA!F3 -> MiFish | G3: =eDNA!D3 -> Sebastes babcocki | H3: =_xlfn.XLOOKUP(G3,'Common name (master file)'!$B:$B,'Common name (master file)'!$A:$A,"-------------") -> Redbanded 뽈락 | I3: =eDNA!E3 -> 73 | J3: =_xlfn.XLOOKUP(G3,'Common name (master file)'!$B:$B,'Common name (master file)'!$C:$C,"") -> 어류 | K3: =eDNA!B3 -> 126.9724 | L3: =eDNA!C3 -> 37.348162 | M3: {=IFERROR(_xlfn.XLOOKUP(1,('env Parameter'!$A:$A=$A3)*('env Parameter'!$B:$B=$K3)*('env Parameter'!$C:$C=$L3),'env Parameter'!D:D,""),"")} -> 안양천-1 | N3: {=IFERROR(_xlfn.XLOOKUP(1,('env Parameter'!$A:$A=$A3)*('env Parameter'!$B:$B=$K3)*('env Parameter'!$C:$C=$L3),'env Parameter'!I:I,""),"")} -> YR
A4: =eDNA!A4 -> 20200716 | B4: {=IFERROR(_xlfn.XLOOKUP(1,('env Parameter'!$A:$A=$A4)*('env Parameter'!$B:$B=$K4)*('env Parameter'!$C:$C=$L4),'env Parameter'!H:H,""),"")} -> 생물상 조사 | C4: {=IFERROR(_xlfn.XLOOKUP(1,('env Parameter'!$A:$A=$A4)*('env Parameter'!$B:$B=$K4)*('env Parameter'!$C:$C=$L4),'env Parameter'!E:E,""),"")} -> 2.14 | D4: {=IFERROR(_xlfn.XLOOKUP(1,('env Parameter'!$A:$A=$A4)*('env Parameter'!$B:$B=$K4)*('env Parameter'!$C:$C=$L4),'env Parameter'!F:F,""),"")} -> 478 | E4: {=IFERROR(_xlfn.XLOOKUP(1,('env Parameter'!$A:$A=$A4)*('env Parameter'!$B:$B=$K4)*('env Parameter'!$C:$C=$L4),'env Parameter'!G:G,""),"")} -> 7.6 | F4: =eDNA!F4 -> MiFish | G4: =eDNA!D4 -> Misgurnus mizolepis | H4: =_xlfn.XLOOKUP(G4,'Common name (master file)'!$B:$B,'Common name (master file)'!$A:$A,"-------------") -> 미꾸라지 | I4: =eDNA!E4 -> 156 | J4: =_xlfn.XLOOKUP(G4,'Common name (master file)'!$B:$B,'Common name (master file)'!$C:$C,"") -> 어류 | K4: =eDNA!B4 -> 126.9724 | L4: =eDNA!C4 -> 37.348162 | M4: {=IFERROR(_xlfn.XLOOKUP(1,('env Parameter'!$A:$A=$A4)*('env Parameter'!$B:$B=$K4)*('env Parameter'!$C:$C=$L4),'env Parameter'!D:D,""),"")} -> 안양천-1 | N4: {=IFERROR(_xlfn.XLOOKUP(1,('env Parameter'!$A:$A=$A4)*('env Parameter'!$B:$B=$K4)*('env Parameter'!$C:$C=$L4),'env Parameter'!I:I,""),"")} -> YR
A5: =eDNA!A5 -> 20200716 | B5: {=IFERROR(_xlfn.XLOOKUP(1,('env Parameter'!$A:$A=$A5)*('env Parameter'!$B:$B=$K5)*('env Parameter'!$C:$C=$L5),'env Parameter'!H:H,""),"")} -> 생물상 조사 | C5: {=IFERROR(_xlfn.XLOOKUP(1,('env Parameter'!$A:$A=$A5)*('env Parameter'!$B:$B=$K5)*('env Parameter'!$C:$C=$L5),'env Parameter'!E:E,""),"")} -> 2.14 | D5: {=IFERROR(_xlfn.XLOOKUP(1,('env Parameter'!$A:$A=$A5)*('env Parameter'!$B:$B=$K5)*('env Parameter'!$C:$C=$L5),'env Parameter'!F:F,""),"")} -> 478 | E5: {=IFERROR(_xlfn.XLOOKUP(1,('env Parameter'!$A:$A=$A5)*('env Parameter'!$B:$B=$K5)*('env Parameter'!$C:$C=$L5),'env Parameter'!G:G,""),"")} -> 7.6 | F5: =eDNA!F5 -> MiFish | G5: =eDNA!D5 -> Lophius litulon | H5: =_xlfn.XLOOKUP(G5,'Common name (master file)'!$B:$B,'Common name (master file)'!$A:$A,"-------------") -> 황아귀 | I5: =eDNA!E5 -> 70 | J5: =_xlfn.XLOOKUP(G5,'Common name (master file)'!$B:$B,'Common name (master file)'!$C:$C,"") -> 어류 | K5: =eDNA!B5 -> 126.9724 | L5: =eDNA!C5 -> 37.348162 | M5: {=IFERROR(_xlfn.XLOOKUP(1,('env Parameter'!$A:$A=$A5)*('env Parameter'!$B:$B=$K5)*('env Parameter'!$C:$C=$L5),'env Parameter'!D:D,""),"")} -> 안양천-1 | N5: {=IFERROR(_xlfn.XLOOKUP(1,('env Parameter'!$A:$A=$A5)*('env Parameter'!$B:$B=$K5)*('env Parameter'!$C:$C=$L5),'env Parameter'!I:I,""),"")} -> YR
A6: =eDNA!A6 -> 20200716 | B6: {=IFERROR(_xlfn.XLOOKUP(1,('env Parameter'!$A:$A=$A6)*('env Parameter'!$B:$B=$K6)*('env Parameter'!$C:$C=$L6),'env Parameter'!H:H,""),"")} -> 생물상 조사 | C6: {=IFERROR(_xlfn.XLOOKUP(1,('env Parameter'!$A:$A=$A6)*('env Parameter'!$B:$B=$K6)*('env Parameter'!$C:$C=$L6),'env Parameter'!E:E,""),"")} -> 2.14 | D6: {=IFERROR(_xlfn.XLOOKUP(1,('env Parameter'!$A:$A=$A6)*('env Parameter'!$B:$B=$K6)*('env Parameter'!$C:$C=$L6),'env Parameter'!F:F,""),"")} -> 478 | E6: {=IFERROR(_xlfn.XLOOKUP(1,('env Parameter'!$A:$A=$A6)*('env Parameter'!$B:$B=$K6)*('env Parameter'!$C:$C=$L6),'env Parameter'!G:G,""),"")} -> 7.6 | F6: =eDNA!F6 -> MiFish | G6: =eDNA!D6 -> Pseudorasbora parva | H6: =_xlfn.XLOOKUP(G6,'Common name (master file)'!$B:$B,'Common name (master file)'!$A:$A,"-------------") -> 참붕어 | I6: =eDNA!E6 -> 77 | J6: =_xlfn.XLOOKUP(G6,'Common name (master file)'!$B:$B,'Common name (master file)'!$C:$C,"") -> 어류 | K6: =eDNA!B6 -> 126.9724 | L6: =eDNA!C6 -> 37.348162 | M6: {=IFERROR(_xlfn.XLOOKUP(1,('env Parameter'!$A:$A=$A6)*('env Parameter'!$B:$B=$K6)*('env Parameter'!$C:$C=$L6),'env Parameter'!D:D,""),"")} -> 안양천-1 | N6: {=IFERROR(_xlfn.XLOOKUP(1,('env Parameter'!$A:$A=$A6)*('env Parameter'!$B:$B=$K6)*('env Parameter'!$C:$C=$L6),'env Parameter'!I:I,""),"")} -> YR
A7: =eDNA!A7 -> 20200716 | B7: {=IFERROR(_xlfn.XLOOKUP(1,('env Parameter'!$A:$A=$A7)*('env Parameter'!$B:$B=$K7)*('env Parameter'!$C:$C=$L7),'env Parameter'!H:H,""),"")} -> 생물상 조사 | C7: {=IFERROR(_xlfn.XLOOKUP(1,('env Parameter'!$A:$A=$A7)*('env Parameter'!$B:$B=$K7)*('env Parameter'!$C:$C=$L7),'env Parameter'!E:E,""),"")} -> 2.14 | D7: {=IFERROR(_xlfn.XLOOKUP(1,('env Parameter'!$A:$A=$A7)*('env Parameter'!$B:$B=$K7)*('env Parameter'!$C:$C=$L7),'env Parameter'!F:F,""),"")} -> 478 | E7: {=IFERROR(_xlfn.XLOOKUP(1,('env Parameter'!$A:$A=$A7)*('env Parameter'!$B:$B=$K7)*('env Parameter'!$C:$C=$L7),'env Parameter'!G:G,""),"")} -> 7.6 | F7: =eDNA!F7 -> MiFish | G7: =eDNA!D7 -> Theragra chalcogramma | H7: =_xlfn.XLOOKUP(G7,'Common name (master file)'!$B:$B,'Common name (master file)'!$A:$A,"-------------") -> 명태 | I7: =eDNA!E7 -> 80 | J7: =_xlfn.XLOOKUP(G7,'Common name (master file)'!$B:$B,'Common name (master file)'!$C:$C,"") -> 어류 | K7: =eDNA!B7 -> 126.9724 | L7: =eDNA!C7 -> 37.348162 | M7: {=IFERROR(_xlfn.XLOOKUP(1,('env Parameter'!$A:$A=$A7)*('env Parameter'!$B:$B=$K7)*('env Parameter'!$C:$C=$L7),'env Parameter'!D:D,""),"")} -> 안양천-1 | N7: {=IFERROR(_xlfn.XLOOKUP(1,('env Parameter'!$A:$A=$A7)*('env Parameter'!$B:$B=$K7)*('env Parameter'!$C:$C=$L7),'env Parameter'!I:I,""),"")} -> YR
A8: =eDNA!A8 -> 20200716 | B8: {=IFERROR(_xlfn.XLOOKUP(1,('env Parameter'!$A:$A=$A8)*('env Parameter'!$B:$B=$K8)*('env Parameter'!$C:$C=$L8),'env Parameter'!H:H,""),"")} -> 생물상 조사 | C8: {=IFERROR(_xlfn.XLOOKUP(1,('env Parameter'!$A:$A=$A8)*('env Parameter'!$B:$B=$K8)*('env Parameter'!$C:$C=$L8),'env Parameter'!E:E,""),"")} -> 2.14 | D8: {=IFERROR(_xlfn.XLOOKUP(1,('env Parameter'!$A:$A=$A8)*('env Parameter'!$B:$B=$K8)*('env Parameter'!$C:$C=$L8),'env Parameter'!F:F,""),"")} -> 478 | E8: {=IFERROR(_xlfn.XLOOKUP(1,('env Parameter'!$A:$A=$A8)*('env Parameter'!$B:$B=$K8)*('env Parameter'!$C:$C=$L8),'env Parameter'!G:G,""),"")} -> 7.6 | F8: =eDNA!F8 -> MiFish | G8: =eDNA!D8 -> Pseudogobio esocinus | H8: =_xlfn.XLOOKUP(G8,'Common name (master file)'!$B:$B,'Common name (master file)'!$A:$A,"-------------") -> 모래무지 | I8: =eDNA!E8 -> 200 | J8: =_xlfn.XLOOKUP(G8,'Common name (master file)'!$B:$B,'Common name (master file)'!$C:$C,"") -> 어류 | K8: =eDNA!B8 -> 126.9724 | L8: =eDNA!C8 -> 37.348162 | M8: {=IFERROR(_xlfn.XLOOKUP(1,('env Parameter'!$A:$A=$A8)*('env Parameter'!$B:$B=$K8)*('env Parameter'!$C:$C=$L8),'env Parameter'!D:D,""),"")} -> 안양천-1 | N8: {=IFERROR(_xlfn.XLOOKUP(1,('env Parameter'!$A:$A=$A8)*('env Parameter'!$B:$B=$K8)*('env Parameter'!$C:$C=$L8),'env Parameter'!I:I,""),"")} -> YR
A9: =eDNA!A9 -> 20200716 | B9: {=IFERROR(_xlfn.XLOOKUP(1,('env Parameter'!$A:$A=$A9)*('env Parameter'!$B:$B=$K9)*('env Parameter'!$C:$C=$L9),'env Parameter'!H:H,""),"")} -> 생물상 조사 | C9: {=IFERROR(_xlfn.XLOOKUP(1,('env Parameter'!$A:$A=$A9)*('env Parameter'!$B:$B=$K9)*('env Parameter'!$C:$C=$L9),'env Parameter'!E:E,""),"")} -> 2.14 | D9: {=IFERROR(_xlfn.XLOOKUP(1,('env Parameter'!$A:$A=$A9)*('env Parameter'!$B:$B=$K9)*('env Parameter'!$C:$C=$L9),'env Parameter'!F:F,""),"")} -> 478 | E9: {=IFERROR(_xlfn.XLOOKUP(1,('env Parameter'!$A:$A=$A9)*('env Parameter'!$B:$B=$K9)*('env Parameter'!$C:$C=$L9),'env Parameter'!G:G,""),"")} -> 7.6 | F9: =eDNA!F9 -> MiFish | G9: =eDNA!D9 -> Sus scrofa | H9: =_xlfn.XLOOKUP(G9,'Common name (master file)'!$B:$B,'Common name (master file)'!$A:$A,"-------------") -> 멧돼지 | I9: =eDNA!E9 -> 234 | J9: =_xlfn.XLOOKUP(G9,'Common name (master file)'!$B:$B,'Common name (master file)'!$C:$C,"") -> 포유류 | K9: =eDNA!B9 -> 126.9724 | L9: =eDNA!C9 -> 37.348162 | M9: {=IFERROR(_xlfn.XLOOKUP(1,('env Parameter'!$A:$A=$A9)*('env Parameter'!$B:$B=$K9)*('env Parameter'!$C:$C=$L9),'env Parameter'!D:D,""),"")} -> 안양천-1 | N9: {=IFERROR(_xlfn.XLOOKUP(1,('env Parameter'!$A:$A=$A9)*('env Parameter'!$B:$B=$K9)*('env Parameter'!$C:$C=$L9),'env Parameter'!I:I,""),"")} -> YR
A10: =eDNA!A10 -> 20200716 | B10: {=IFERROR(_xlfn.XLOOKUP(1,('env Parameter'!$A:$A=$A10)*('env Parameter'!$B:$B=$K10)*('env Parameter'!$C:$C=$L10),'env Parameter'!H:H,""),"")} -> 생물상 조사 | C10: {=IFERROR(_xlfn.XLOOKUP(1,('env Parameter'!$A:$A=$A10)*('env Parameter'!$B:$B=$K10)*('env Parameter'!$C:$C=$L10),'env Parameter'!E:E,""),"")} -> 2.14 | D10: {=IFERROR(_xlfn.XLOOKUP(1,('env Parameter'!$A:$A=$A10)*('env Parameter'!$B:$B=$K10)*('env Parameter'!$C:$C=$L10),'env Parameter'!F:F,""),"")} -> 478 | E10: {=IFERROR(_xlfn.XLOOKUP(1,('env Parameter'!$A:$A=$A10)*('env Parameter'!$B:$B=$K10)*('env Parameter'!$C:$C=$L10),'env Parameter'!G:G,""),"")} -> 7.6 | F10: =eDNA!F10 -> MiFish | G10: =eDNA!D10 -> Homo sapiens | H10: =_xlfn.XLOOKUP(G10,'Common name (master file)'!$B:$B,'Common name (master file)'!$A:$A,"-------------") -> 사람 | I10: =eDNA!E10 -> 280 | J10: =_xlfn.XLOOKUP(G10,'Common name (master file)'!$B:$B,'Common name (master file)'!$C:$C,"") -> 포유류 | K10: =eDNA!B10 -> 126.9724 | L10: =eDNA!C10 -> 37.348162 | M10: {=IFERROR(_xlfn.XLOOKUP(1,('env Parameter'!$A:$A=$A10)*('env Parameter'!$B:$B=$K10)*('env Parameter'!$C:$C=$L10),'env Parameter'!D:D,""),"")} -> 안양천-1 | N10: {=IFERROR(_xlfn.XLOOKUP(1,('env Parameter'!$A:$A=$A10)*('env Parameter'!$B:$B=$K10)*('env Parameter'!$C:$C=$L10),'env Parameter'!I:I,""),"")} -> YR
A11: =eDNA!A11 -> 20200716 | B11: {=IFERROR(_xlfn.XLOOKUP(1,('env Parameter'!$A:$A=$A11)*('env Parameter'!$B:$B=$K11)*('env Parameter'!$C:$C=$L11),'env Parameter'!H:H,""),"")} -> 생물상 조사 | C11: {=IFERROR(_xlfn.XLOOKUP(1,('env Parameter'!$A:$A=$A11)*('env Parameter'!$B:$B=$K11)*('env Parameter'!$C:$C=$L11),'env Parameter'!E:E,""),"")} -> 2.14 | D11: {=IFERROR(_xlfn.XLOOKUP(1,('env Parameter'!$A:$A=$A11)*('env Parameter'!$B:$B=$K11)*('env Parameter'!$C:$C=$L11),'env Parameter'!F:F,""),"")} -> 478 | E11: {=IFERROR(_xlfn.XLOOKUP(1,('env Parameter'!$A:$A=$A11)*('env Parameter'!$B:$B=$K11)*('env Parameter'!$C:$C=$L11),'env Parameter'!G:G,""),"")} -> 7.6 | F11: =eDNA!F11 -> MiFish | G11: =eDNA!D11 -> Carassius gibelio | H11: =_xlfn.XLOOKUP(G11,'Common name (master file)'!$B:$B,'Common name (master file)'!$A:$A,"-------------") -> 기벨리오 붕어 | I11: =eDNA!E11 -> 1009 | J11: =_xlfn.XLOOKUP(G11,'Common name (master file)'!$B:$B,'Common name (master file)'!$C:$C,"") -> 어류 | K11: =eDNA!B11 -> 126.9724 | L11: =eDNA!C11 -> 37.348162 | M11: {=IFERROR(_xlfn.XLOOKUP(1,('env Parameter'!$A:$A=$A11)*('env Parameter'!$B:$B=$K11)*('env Parameter'!$C:$C=$L11),'env Parameter'!D:D,""),"")} -> 안양천-1 | N11: {=IFERROR(_xlfn.XLOOKUP(1,('env Parameter'!$A:$A=$A11)*('env Parameter'!$B:$B=$K11)*('env Parameter'!$C:$C=$L11),'env Parameter'!I:I,""),"")} -> YR
A12: =eDNA!A12 -> 20200716 | B12: {=IFERROR(_xlfn.XLOOKUP(1,('env Parameter'!$A:$A=$A12)*('env Parameter'!$B:$B=$K12)*('env Parameter'!$C:$C=$L12),'env Parameter'!H:H,""),"")} -> 생물상 조사 | C12: {=IFERROR(_xlfn.XLOOKUP(1,('env Parameter'!$A:$A=$A12)*('env Parameter'!$B:$B=$K12)*('env Parameter'!$C:$C=$L12),'env Parameter'!E:E,""),"")} -> 2.14 | D12: {=IFERROR(_xlfn.XLOOKUP(1,('env Parameter'!$A:$A=$A12)*('env Parameter'!$B:$B=$K12)*('env Parameter'!$C:$C=$L12),'env Parameter'!F:F,""),"")} -> 478 | E12: {=IFERROR(_xlfn.XLOOKUP(1,('env Parameter'!$A:$A=$A12)*('env Parameter'!$B:$B=$K12)*('env Parameter'!$C:$C=$L12),'env Parameter'!G:G,""),"")} -> 7.6 | F12: =eDNA!F12 -> MiFish | G12: =eDNA!D12 -> Silurus soldatovi | H12: =_xlfn.XLOOKUP(G12,'Common name (master file)'!$B:$B,'Common name (master file)'!$A:$A,"-------------") -> 솔다토비 메기 | I12: =eDNA!E12 -> 1623 | J12: =_xlfn.XLOOKUP(G12,'Common name (master file)'!$B:$B,'Common name (master file)'!$C:$C,"") -> 어류 | K12: =eDNA!B12 -> 126.9724 | L12: =eDNA!C12 -> 37.348162 | M12: {=IFERROR(_xlfn.XLOOKUP(1,('env Parameter'!$A:$A=$A12)*('env Parameter'!$B:$B=$K12)*('env Parameter'!$C:$C=$L12),'env Parameter'!D:D,""),"")} -> 안양천-1 | N12: {=IFERROR(_xlfn.XLOOKUP(1,('env Parameter'!$A:$A=$A12)*('env Parameter'!$B:$B=$K12)*('env Parameter'!$C:$C=$L12),'env Parameter'!I:I,""),"")} -> YR
A13: =eDNA!A13 -> 20200716 | B13: {=IFERROR(_xlfn.XLOOKUP(1,('env Parameter'!$A:$A=$A13)*('env Parameter'!$B:$B=$K13)*('env Parameter'!$C:$C=$L13),'env Parameter'!H:H,""),"")} -> 생물상 조사 | C13: {=IFERROR(_xlfn.XLOOKUP(1,('env Parameter'!$A:$A=$A13)*('env Parameter'!$B:$B=$K13)*('env Parameter'!$C:$C=$L13),'env Parameter'!E:E,""),"")} -> 2.14 | D13: {=IFERROR(_xlfn.XLOOKUP(1,('env Parameter'!$A:$A=$A13)*('env Parameter'!$B:$B=$K13)*('env Parameter'!$C:$C=$L13),'env Parameter'!F:F,""),"")} -> 478 | E13: {=IFERROR(_xlfn.XLOOKUP(1,('env Parameter'!$A:$A=$A13)*('env Parameter'!$B:$B=$K13)*('env Parameter'!$C:$C=$L13),'env Parameter'!G:G,""),"")} -> 7.6 | F13: =eDNA!F13 -> MiFish | G13: =eDNA!D13 -> Sebastes zacentrus | H13: =_xlfn.XLOOKUP(G13,'Common name (master file)'!$B:$B,'Common name (master file)'!$A:$A,"-------------") -> 쏨뱅이 | I13: =eDNA!E13 -> 4703 | J13: =_xlfn.XLOOKUP(G13,'Common name (master file)'!$B:$B,'Common name (master file)'!$C:$C,"") -> 어류 | K13: =eDNA!B13 -> 126.9724 | L13: =eDNA!C13 -> 37.348162 | M13: {=IFERROR(_xlfn.XLOOKUP(1,('env Parameter'!$A:$A=$A13)*('env Parameter'!$B:$B=$K13)*('env Parameter'!$C:$C=$L13),'env Parameter'!D:D,""),"")} -> 안양천-1 | N13: {=IFERROR(_xlfn.XLOOKUP(1,('env Parameter'!$A:$A=$A13)*('env Parameter'!$B:$B=$K13)*('env Parameter'!$C:$C=$L13),'env Parameter'!I:I,""),"")} -> YR
A14: =eDNA!A14 -> 20200716 | B14: {=IFERROR(_xlfn.XLOOKUP(1,('env Parameter'!$A:$A=$A14)*('env Parameter'!$B:$B=$K14)*('env Parameter'!$C:$C=$L14),'env Parameter'!H:H,""),"")} -> 생물상 조사 | C14: {=IFERROR(_xlfn.XLOOKUP(1,('env Parameter'!$A:$A=$A14)*('env Parameter'!$B:$B=$K14)*('env Parameter'!$C:$C=$L14),'env Parameter'!E:E,""),"")} -> 2.14 | D14: {=IFERROR(_xlfn.XLOOKUP(1,('env Parameter'!$A:$A=$A14)*('env Parameter'!$B:$B=$K14)*('env Parameter'!$C:$C=$L14),'env Parameter'!F:F,""),"")} -> 478 | E14: {=IFERROR(_xlfn.XLOOKUP(1,('env Parameter'!$A:$A=$A14)*('env Parameter'!$B:$B=$K14)*('env Parameter'!$C:$C=$L14),'env Parameter'!G:G,""),"")} -> 7.6 | F14: =eDNA!F14 -> MiFish | G14: =eDNA!D14 -> Rhynchocypris oxycephalus | H14: =_xlfn.XLOOKUP(G14,'Common name (master file)'!$B:$B,'Common name (master file)'!$A:$A,"-------------") -> 버들치 | I14: =eDNA!E14 -> 8233 | J14: =_xlfn.XLOOKUP(G14,'Common name (master file)'!$B:$B,'Common name (master file)'!$C:$C,"") -> 어류 | K14: =eDNA!B14 -> 126.9724 | L14: =eDNA!C14 -> 37.348162 | M14: {=IFERROR(_xlfn.XLOOKUP(1,('env Parameter'!$A:$A=$A14)*('env Parameter'!$B:$B=$K14)*('env Parameter'!$C:$C=$L14),'env Parameter'!D:D,""),"")} -> 안양천-1 | N14: {=IFERROR(_xlfn.XLOOKUP(1,('env Parameter'!$A:$A=$A14)*('env Parameter'!$B:$B=$K14)*('env Parameter'!$C:$C=$L14),'env Parameter'!I:I,""),"")} -> YR
... A1725: =eDNA!A1725 -> 20201024 | B1725: {=IFERROR(_xlfn.XLOOKUP(1,('env Parameter'!$A:$A=$A1725)*('env Parameter'!$B:$B=$K1725)*('env Parameter'!$C:$C=$L1725),'env Parameter'!H:H,""),"")} -> Dummy | C1725: {=IFERROR(_xlfn.XLOOKUP(1,('env Parameter'!$A:$A=$A1725)*('env Parameter'!$B:$B=$K1725)*('env Parameter'!$C:$C=$L1725),'env Parameter'!E:E,""),"")} -> 2.14 | D1725: {=IFERROR(_xlfn.XLOOKUP(1,('env Parameter'!$A:$A=$A1725)*('env Parameter'!$B:$B=$K1725)*('env Parameter'!$C:$C=$L1725),'env Parameter'!F:F,""),"")} -> 478 | E1725: {=IFERROR(_xlfn.XLOOKUP(1,('env Parameter'!$A:$A=$A1725)*('env Parameter'!$B:$B=$K1725)*('env Parameter'!$C:$C=$L1725),'env Parameter'!G:G,""),"")} -> 7.6 | F1725: =eDNA!F1725 -> Dummy | G1725: =eDNA!D1725 -> Columba livia | H1725: =_xlfn.XLOOKUP(G1725,'Common name (master file)'!$B:$B,'Common name (master file)'!$A:$A,"-------------") -> 비둘기 | I1725: =eDNA!E1725 -> 100 | J1725: =_xlfn.XLOOKUP(G1725,'Common name (master file)'!$B:$B,'Common name (master file)'!$C:$C,"") -> 조류 | K1725: =eDNA!B1725 -> 126.74714 | L1725: =eDNA!C1725 -> 37.593307 | M1725: {=IFERROR(_xlfn.XLOOKUP(1,('env Parameter'!$A:$A=$A1725)*('env Parameter'!$B:$B=$K1725)*('env Parameter'!$C:$C=$L1725),'env Parameter'!D:D,""),"")} -> test-bird | N1725: {=IFERROR(_xlfn.XLOOKUP(1,('env Parameter'!$A:$A=$A1725)*('env Parameter'!$B:$B=$K1725)*('env Parameter'!$C:$C=$L1725),'env Parameter'!I:I,""),"")} -> YR
